

INSERT INTO "user" (id, is_deleted, login, name, password, updated, photo_url, state) VALUES (1, false, 'dominator', 'dominator', 'dominator', '2019-06-19 14:29:53.301000', 'https://gaming-fans.com/wp-content/uploads/2019/02/grievous_800-777x437.jpg', 'ACTIVE');
INSERT INTO "user" (id, is_deleted, login, name, password, updated, photo_url, state) VALUES (2, false, 'daulet', 'daulet', 'daulet', '2019-06-19 14:29:53.309000', 'https://gaming-fans.com/wp-content/uploads/2019/02/grievous_800-777x437.jpg', 'ACTIVE');
INSERT INTO "user" (id, is_deleted, login, name, password, updated, photo_url, state) VALUES (3, false, 'john', 'john', 'john', '2019-06-19 14:29:53.311000', 'https://gaming-fans.com/wp-content/uploads/2019/02/grievous_800-777x437.jpg', 'ACTIVE');
INSERT INTO "user" (id, is_deleted, login, name, password, updated, photo_url, state) VALUES (4, false, 'r2d2', 'r2d2', 'r2d2', '2019-06-19 14:29:53.313000', 'https://gaming-fans.com/wp-content/uploads/2019/02/grievous_800-777x437.jpg', 'ACTIVE');
INSERT INTO "user" (id, is_deleted, login, name, password, updated, photo_url, state) VALUES (5, false, 'vader', 'vader', 'vader', '2019-06-19 14:29:53.315000', 'https://gaming-fans.com/wp-content/uploads/2019/02/grievous_800-777x437.jpg', 'ACTIVE');
INSERT INTO "user" (id, is_deleted, login, name, password, updated, photo_url, state) VALUES (6, false, 'jar jar binks', 'jar jar binks', 'jar jar binks', '2019-06-19 14:29:53.317000', 'https://gaming-fans.com/wp-content/uploads/2019/02/grievous_800-777x437.jpg', 'ACTIVE');
INSERT INTO "user" (id, is_deleted, login, name, password, updated, photo_url, state) VALUES (7, false, 'Zuckuss', 'Zuckuss', 'Zuckuss', '2019-06-19 14:29:53.319000', 'https://gaming-fans.com/wp-content/uploads/2019/02/grievous_800-777x437.jpg', 'ACTIVE');
INSERT INTO "user" (id, is_deleted, login, name, password, updated, photo_url, state) VALUES (8, false, 'Skywalker', 'Skywalker', 'Skywalker', '2019-06-19 14:29:53.321000', 'https://gaming-fans.com/wp-content/uploads/2019/02/grievous_800-777x437.jpg', 'ACTIVE');
INSERT INTO "user" (id, is_deleted, login, name, password, updated, photo_url, state) VALUES (9, false, 'Chewbacca', 'Chewbacca', 'Chewbacca', '2019-06-19 14:29:53.323000', 'https://gaming-fans.com/wp-content/uploads/2019/02/grievous_800-777x437.jpg', 'ACTIVE');
INSERT INTO "user" (id, is_deleted, login, name, password, updated, photo_url, state) VALUES (10, false, 'Bane', 'Bane', 'Bane', '2019-06-19 14:29:53.325000', 'https://gaming-fans.com/wp-content/uploads/2019/02/grievous_800-777x437.jpg', 'ACTIVE');




INSERT INTO category (id, is_deleted, name) VALUES (1, false, 'funny');
INSERT INTO category (id, is_deleted, name) VALUES (2, false, 'animals');
INSERT INTO category (id, is_deleted, name) VALUES (3, false, 'anime');
INSERT INTO category (id, is_deleted, name) VALUES (4, false, 'car');
INSERT INTO category (id, is_deleted, name) VALUES (5, false, 'gif');
INSERT INTO category (id, is_deleted, name) VALUES (6, false, 'gaming');
INSERT INTO category (id, is_deleted, name) VALUES (7, false, 'black humor');
INSERT INTO category (id, is_deleted, name) VALUES (8, false, 'nsfw');
INSERT INTO category (id, is_deleted, name) VALUES (9, false, 'meme');
INSERT INTO category (id, is_deleted, name) VALUES (10, false, 'girl');




INSERT INTO public.post (id, is_deleted, image_url, rating, title, updated, created, category_id, user_id, tag) VALUES (1, false, 'https://picsum.photos/id/0/400/300', 2639, 'title7a01105', '2019-07-12 17:27:13.365000', '2019-07-12 17:27:13.365000', 8, 1, '#cat #pet #animal');
INSERT INTO public.post (id, is_deleted, image_url, rating, title, updated, created, category_id, user_id, tag) VALUES (2, false, 'https://picsum.photos/id/1/400/300', 845, 'title5186786', '2019-07-12 17:27:13.376000', '2019-07-12 17:27:13.376000', 3, 2, '#cat #pet #animal');
INSERT INTO public.post (id, is_deleted, image_url, rating, title, updated, created, category_id, user_id, tag) VALUES (3, false, 'https://picsum.photos/id/2/400/300', 6986, 'titlec7e5921', '2019-07-12 17:27:13.379000', '2019-07-12 17:27:13.378000', 7, 3, '#cat #pet #animal');
INSERT INTO public.post (id, is_deleted, image_url, rating, title, updated, created, category_id, user_id, tag) VALUES (4, false, 'https://picsum.photos/id/3/400/300', 1122, 'titlec4a95a1', '2019-07-12 17:27:13.382000', '2019-07-12 17:27:13.382000', 9, 4, '#cat #pet #animal');
INSERT INTO public.post (id, is_deleted, image_url, rating, title, updated, created, category_id, user_id, tag) VALUES (5, false, 'https://picsum.photos/id/4/400/300', -1730, 'titlebdb4354', '2019-07-12 17:27:13.384000', '2019-07-12 17:27:13.384000', 6, 4, '#cat #pet #animal');
INSERT INTO public.post (id, is_deleted, image_url, rating, title, updated, created, category_id, user_id, tag) VALUES (6, false, 'https://picsum.photos/id/5/400/300', 2097, 'title5b523cc', '2019-07-12 17:27:13.387000', '2019-07-12 17:27:13.387000', 1, 5, '#cat #pet #animal');
INSERT INTO public.post (id, is_deleted, image_url, rating, title, updated, created, category_id, user_id, tag) VALUES (7, false, 'https://picsum.photos/id/6/400/300', 5966, 'title6eb123d', '2019-07-12 17:27:13.389000', '2019-07-12 17:27:13.389000', 10, 6, '#cat #pet #animal');
INSERT INTO public.post (id, is_deleted, image_url, rating, title, updated, created, category_id, user_id, tag) VALUES (8, false, 'https://picsum.photos/id/7/400/300', 3764, 'titlefba8ed7', '2019-07-12 17:27:13.392000', '2019-07-12 17:27:13.392000', 5, 7, '#cat #pet #animal');
INSERT INTO public.post (id, is_deleted, image_url, rating, title, updated, created, category_id, user_id, tag) VALUES (9, false, 'https://picsum.photos/id/8/400/300', 2176, 'title88891bb', '2019-07-12 17:27:13.394000', '2019-07-12 17:27:13.394000', 4, 7, '#travel #kirgizstan #vacation');
INSERT INTO public.post (id, is_deleted, image_url, rating, title, updated, created, category_id, user_id, tag) VALUES (10, false, 'https://picsum.photos/id/9/400/300', -9726, 'titlee89283a', '2019-07-12 17:27:13.397000', '2019-07-12 17:27:13.397000', 2, 9, '#cat #pet #animal');



INSERT INTO commentary (id, is_deleted, image_url, rating, text, updated, parent_id, post_id, user_id) VALUES (1, false, 'image01000de', -4360, 'text5a58756', '2019-06-19 14:29:55.313000', null, 1, 1);
INSERT INTO commentary (id, is_deleted, image_url, rating, text, updated, parent_id, post_id, user_id) VALUES (2, false, 'image39ccf5a', -692, 'text463713e', '2019-06-19 14:29:55.317000', null, 1, 2);
INSERT INTO commentary (id, is_deleted, image_url, rating, text, updated, parent_id, post_id, user_id) VALUES (3, false, 'image4d5b4e2', -8722, 'textae8c470', '2019-06-19 14:29:55.320000', null, 1, 3);
INSERT INTO commentary (id, is_deleted, image_url, rating, text, updated, parent_id, post_id, user_id) VALUES (4, false, 'image8bf5b43', -9448, 'text5737b54', '2019-06-19 14:29:55.329000', 2, 1, 4);
INSERT INTO commentary (id, is_deleted, image_url, rating, text, updated, parent_id, post_id, user_id) VALUES (5, false, 'imagecea0bf2', 5182, 'textddc77ae', '2019-06-19 14:29:55.335000', 3, 1, 5);
INSERT INTO commentary (id, is_deleted, image_url, rating, text, updated, parent_id, post_id, user_id) VALUES (6, false, 'image3e9107b', -6029, 'text7637a8d', '2019-06-19 14:29:55.341000', null, 1, 6);
INSERT INTO commentary (id, is_deleted, image_url, rating, text, updated, parent_id, post_id, user_id) VALUES (7, false, 'image316211a', 3719, 'textdb8db9d', '2019-06-19 14:29:55.345000', 5, 1, 4);
INSERT INTO commentary (id, is_deleted, image_url, rating, text, updated, parent_id, post_id, user_id) VALUES (8, false, 'image99e060a', 4415, 'textf7c37f6', '2019-06-19 14:29:55.350000', 5, 1, 7);
INSERT INTO commentary (id, is_deleted, image_url, rating, text, updated, parent_id, post_id, user_id) VALUES (9, false, 'image1b55729', 9988, 'text2d11862', '2019-06-19 14:29:55.355000', 6, 1, 9);
INSERT INTO commentary (id, is_deleted, image_url, rating, text, updated, parent_id, post_id, user_id) VALUES (10, false, 'image7beba43', -6384, 'textd432756', '2019-06-19 14:29:55.359000', 6, 1, 3);



INSERT INTO property (id, is_deleted, code, name, value) VALUES (1, false, 'HOT_PAGE_LEVEL', 'hot page level', '23');
INSERT INTO property (id, is_deleted, code, name, value) VALUES (2, false, 'HOT_PAGE_DAYS', 'hot page days', '5');
INSERT INTO property (id, is_deleted, code, name, value) VALUES (3, false, 'ACCEPTABLE_AGE', 'acceptable age to registration', '14');
INSERT INTO property (id, is_deleted, code, name, value) VALUES (4, false, 'LOGIN_REGEX', 'regex for validation login', '[0-9a-zA-Z]*');
INSERT INTO property (id, is_deleted, code, name, value) VALUES (5, false, 'PASSWORD_REGEX', 'regex for validation password', '^(?=.*[A-Za-z])(?=.*\d)[A-Za-z\d]{8,}$');
INSERT INTO property (id, is_deleted, code, name, value) VALUES (6, false, 'USER_LOCK_TIME', 'user lock time', '5');
INSERT INTO property (id, is_deleted, code, name, value) VALUES (7, false, 'USER_INCORRECT_ATTEMPT', 'user incorrect attempt count', '3');


INSERT INTO user_post_vote_history (id, is_deleted, is_down_voted, is_up_voted, post_id, user_id) VALUES (1, false, false, true, 1, 1);
INSERT INTO user_post_vote_history (id, is_deleted, is_down_voted, is_up_voted, post_id, user_id) VALUES (2, false, false, true, 2, 1);
INSERT INTO user_post_vote_history (id, is_deleted, is_down_voted, is_up_voted, post_id, user_id) VALUES (3, false, true, false, 3, 1);

INSERT INTO user_commentary_vote_history (id, is_deleted, is_down_voted, is_up_voted, commentary_id, user_id) VALUES (1, false, false, true, 1, 1);
INSERT INTO user_commentary_vote_history (id, is_deleted, is_down_voted, is_up_voted, commentary_id, user_id) VALUES (2, false, true, false, 5, 1);
INSERT INTO user_commentary_vote_history (id, is_deleted, is_down_voted, is_up_voted, commentary_id, user_id) VALUES (3, false, true, false, 3, 1);



INSERT INTO hibernate_sequences (sequence_name, sequence_next_hi_value) VALUES ('post', 100);
INSERT INTO hibernate_sequences (sequence_name, sequence_next_hi_value) VALUES ('commentary', 100);
